instruct,input,output
อธิบายความผิดเกี่ยวกับคอมพิวเตอร์,สวัสดีครับ ถ้าไปแอบเอาข้อมูลของคนอื่นมาแล้วไปเผยแพร่ จะมีคววามผิดอะไรไหม,"มีความผิดมาตรา 5 ผู้ใดทำให้เสียหาย ทำลาย แก้ไข เปลี่ยนแปลง หรือเพิ่มเติมไม่ว่าทั้งหมดหรือบางส่วน ซึ่งข้อมูลคอมพิวเตอร์ของผู้อื่นโดยมิชอบ ต้องระวางโทษจำคุกไม่เกิน 5 ปี หรือปรับไม่เกิน 10,000บาท หรือทั้งจำทั้งปรับ"
อธิบายความผิดเกี่ยวกับคอมพิวเตอร์,ถ้าเกิดว่าผมแอบเข้าไปดูข้อมูลของคนอื่นมีความผิดอะไรไหม,การกระทำดั่งกล่าวนั้นที่ว่ามีความผิดตาม มาตรา 5 ผู้ใดเข้าถึงโดยมิชอบซึ่งระบบคอมพิวเตอร์ที่มีมาตรการป้องกันการเข้าถึงโดยเฉพาะและมาตรการนั้นมิได้มีไว้สำหรับตน ต้องระวางโทษจำคุกไม่เกินหกเดือน หรือปรับไม่เกินหนึ่งหมื่นบาท หรือทั้งจำทั้งปรับ
อธิบายข้อความเบื้องต้น,ระบบคอมพิวเตอร์ หมายถึงอะไรหรอครับ,“ระบบคอมพิวเตอร์” หมายความว่า อุปกรณ์หรือชุดอุปกรณ์ของคอมพิวเตอร์ที่เชื่อมการทำงานเข้าด้วยกัน โดยได้มีการกำหนดคำสั่ง ชุดคำสั่ง หรือสิ่งอื่นใด และแนวทางปฏิบัติงานให้อุปกรณ์หรือชุดอุปกรณ์ทำหน้าที่ประมวลผลข้อมูลโดยอัตโนมัติ
อธิบายข้อความเบื้องต้น,คุณพอจะรู้จักความหมายของ ระบบคอมพิวเตอร์ แบบเบื้องต้นมาบ้างไหม,ถ้ากล่าวแล้ว “ระบบคอมพิวเตอร์” หมายความว่า อุปกรณ์หรือชุดอุปกรณ์ของคอมพิวเตอร์ที่เชื่อมการทำงานเข้าด้วยกัน โดยได้มีการกำหนดคำสั่ง ชุดคำสั่ง หรือสิ่งอื่นใด และแนวทางปฏิบัติงานให้อุปกรณ์หรือชุดอุปกรณ์ทำหน้าที่ประมวลผลข้อมูลโดยอัตโนมัติ
อธิบายความผิดเกี่ยวกับคอมพิวเตอร์,ถ้าแอบเอาระบบป้องกันของคนอื่นไปเผยเเพร่มีความผิดอะไรไหม,มาตรา 6 ผู้ใดล่วงรู้มาตรการป้องกันการเข้าถึงระบบคอมพิวเตอร์ที่ผู้อื่นจัดทำขึ้นเป็นการเฉพาะ ถ้านำมาตรการดังกล่าวไปเปิดเผยโดยมิชอบในประการที่น่าจะเกิดความเสียหายแก่ผู้อื่น ต้องระวางโทษจำคุกไม่เกินหนึ่งปี หรือปรับไม่เกินสองหมื่นบาท หรือทั้งจำทั้งปรับ
อธิบายข้อความเบื้องต้น,ข้อมูลคืออะไร,คุณหมายถึง “ข้อมูลคอมพิวเตอร์” หมายความว่า ข้อมูล ข้อความ คำสั่ง ชุดคำสั่ง หรือสิ่งอื่นใด บรรดาที่อยู่ในระบบคอมพิวเตอร์ในสภาพที่ระบบคอมพิวเตอร์อาจประมวลผลได้ และให้หมายความรวมถึงข้อมูลอิเล็กทรอนิกส์ตามกฎหมายว่าด้วยธุรกรรมทางอิเล็กทรอนิกส์ด้วย
อธิบายข้อความเบื้องต้น, ข้อมูลคอมพิวเตอร์ คือ ,ข้อมูล ข้อความ คำสั่ง ชุดคำสั่ง หรือสิ่งอื่นใด บรรดาที่อยู่ในระบบคอมพิวเตอร์ในสภาพที่ระบบคอมพิวเตอร์อาจประมวลผลได้
อธิบายความผิดเกี่ยวกับคอมพิวเตอร์,ผมแอบเจาะระบบป้องกันของคนอื่นทำให้เขาไม่สามารถทำงานได้ผิดกฎหมายข้อไหนบาง,มาตรา 10 ผู้ใดล่วงรู้มาตรการป้องกันการเข้าถึงระบบคอมพิวเตอร์ที่ผู้อื่นจัดทำขึ้นเป็นการเฉพาะ ถ้านำมาตรการดังกล่าวไปเปิดเผยโดยมิชอบในประการที่น่าจะเกิดความเสียหายแก่ผู้อื่น ต้องระวางโทษจำคุกไม่เกินหนึ่งปี หรือปรับไม่เกินสองหมื่นบาท หรือทั้งจำทั้งปรับ
อธิบายข้อความเบื้องต้น,รัฐมนตรี เนี่ยมันคืออะไรกันแน่นะ,“รัฐมนตรี” หมายความว่า รัฐมนตรีผู้รักษาการตามพระราชบัญญัตินี้
อธิบายความผิดเกี่ยวกับคอมพิวเตอร์,แอบส่งข้อความไปหาผู้โดยไม่ระบุผู้ส่งมาความผิดอะไรบาง,มีความผิดมาตรา 11 ผู้ใดส่งข้อมูลคอมพิวเตอร์หรือจดหมายอิเล็กทรอนิกส์แก่บุคคลอื่นโดยปกปิดหรือปลอมแปลงแหล่งที่มาของการส่งข้อมูลดังกล่าว อันเป็นการรบกวนการใช้ระบบคอมพิวเตอร์ของบุคคลอื่นโดยปกติสุข ต้องระวางโทษปรับไม่เกินหนึ่งแสนบาท
,สมหญิงใช้คอมพิวเตอร์ทุบตีสมชายต้องติดคุกกี่ปี,คำถามนี้ไม่ได้มีความเกี่ยวข้องอะไรกับพรบ. คอมพิวเตอร์ แต่คงจะเรื่องการทำร้ายร่างกายมากกว่า
,สมหญิงใช้คอมพิวเตอร์ทุบตีสมชายต้องติดคุกกี่ปี,ไม่ได้เกี่ยวข้องกับพรบ. คอมพิวเตอร์ดังนั้นจึงขอสงวนไม่ตอบและตัดสิน
,สมหญิงใช้คอมพิวเตอร์ทุบตีสมชายต้องติดคุกกี่ปี,การที่สมหญิงใช้คอมพิวเตอร์ทุบตีสมชาย เป็นการสมมุติที่ไม่น่าเกิดขึ้นจริง เนื่องจากคอมพิวเตอร์เป็นวัตถุที่ใช้เพื่อการทำงานและสื่อสาร
,สมหญิงใช้คอมพิวเตอร์ทุบตีสมชายต้องติดคุกกี่ปี,กรณีสมหญิงใช้คอมพิวเตอร์ทุบตีสมชาย เรื่องนี้ต้องพิจารณาจากหลายปัจจัย ซึ่งการทำร้ายร่างกายผู้อื่นในกฎหมายอาจเข้าข่ายความผิดฐานทำร้ายร่างกายตามประมวลกฎหมายอาญา ดังนั้นเราจึงไม่ได้มีข้อมูลในส่วนนี้
,สมหญิงใช้คอมพิวเตอร์ทุบตีสมชายต้องติดคุกกี่ปี,การใช้คอมพิวเตอร์เพื่อก่อเหตุทำร้ายร่างกายคนอื่นอาจไม่เข้าข่ายโดยตรง เนื่องจากคอมพิวเตอร์ไม่ใช่อาวุธทั่วไปที่ใช้ในการทำร้ายร่างกายทางกายภาพ
,สมหญิงใช้คอมพิวเตอร์ทุบตีสมชายต้องติดคุกกี่ปี,ไม่น่าจะเป็นไปได้เลย 
,สมหญิงใช้คอมพิวเตอร์ทุบตีสมชายต้องติดคุกกี่ปี,ไม่มีทางเกิดขึ้นได้นะ
อธิบายมาตรา 5,"ถ้าผมพยายามแฮ็กเข้าสู่ระบบคอมพิวเตอร์ของบริษัทแห่งหนึ่ง โดยที่มีการตั้งรหัสผ่านและการยืนยันตัวตน 
ซึ่งผมไม่มีสิทธิ์ในการเข้าถึง ผมใช้วิธีเดารหัสผ่านหรือใช้ซอฟต์แวร์เพื่อทำการเจาะระบบจนสามารถเข้าถึง
ข้อมูลในระบบนั้นได้ แต่ไม่ได้แก้ไขหรือขโมยข้อมูล ผมจะถือว่ามีความผิดอะไรไหม","แม้ว่าคุณจะไม่ได้สร้างความเดือดร้อนอะไรให้กับทางบริษัทนั้น แต่ก็ยังมีความผิดอยู่ดีซึ่งตรงตามมาตรา 5 ผู้ใดทำให้เสียหาย ทำลาย แก้ไข เปลี่ยนแปลง หรือเพิ่มเติมไม่ว่าทั้งหมดหรือบางส่วน ซึ่งข้อมูลคอมพิวเตอร์ของผู้อื่นโดยมิชอบ ต้องระวาง
โทษจำคุกไม่เกิน 5 ปี หรือปรับไม่เกิน 10,000บาท หรือทั้งจำทั้งปรับ"
อธิบายมาตรา 5,"ถ้าผมพยายามแฮ็กเข้าสู่ระบบคอมพิวเตอร์ของบริษัทแห่งหนึ่ง โดยที่มีการตั้งรหัสผ่านและการยืนยันตัวตน 
ซึ่งผมไม่มีสิทธิ์ในการเข้าถึง ผมใช้วิธีเดารหัสผ่านหรือใช้ซอฟต์แวร์เพื่อทำการเจาะระบบจนสามารถเข้าถึง
ข้อมูลในระบบนั้นได้ แต่ไม่ได้แก้ไขหรือขโมยข้อมูล ผมจะถือว่ามีความผิดอะไรไหม","ถือว่าเป็นการแฮ็กเข้าสู่ระบบที่มีการป้องกัน มีโทษนะครับ ตรงตามมาตรา 5 ต้องระวาง
โทษจำคุกไม่เกิน 5 ปี หรือปรับไม่เกิน 10,000บาท หรือทั้งจำทั้งปรับ"
อธิบายมาตรา 5,"ถ้าผมพยายามแฮ็กเข้าสู่ระบบคอมพิวเตอร์ของบริษัทแห่งหนึ่ง โดยที่มีการตั้งรหัสผ่านและการยืนยันตัวตน 
ซึ่งผมไม่มีสิทธิ์ในการเข้าถึง ผมใช้วิธีเดารหัสผ่านหรือใช้ซอฟต์แวร์เพื่อทำการเจาะระบบจนสามารถเข้าถึง
ข้อมูลในระบบนั้นได้ แต่ไม่ได้แก้ไขหรือขโมยข้อมูล ผมจะถือว่ามีความผิดอะไรไหม","ถึงจะไม่ได้ก่อความเสียหายแต่ก็ต้องได้รับโทษซึ่งตรงตามมาตรา 5 ผู้ใดทำให้เสียหาย
 ทำลาย แก้ไข เปลี่ยนแปลง หรือเพิ่มเติมไม่ว่าทั้งหมดหรือบางส่วน ซึ่งข้อมูลคอมพิวเตอร์
ของผู้อื่นโดยมิชอบ ต้องระวางโทษจำคุกไม่เกิน 5 ปี หรือปรับไม่เกิน 10,000บาท หรือ
ทั้งจำทั้งปรับ"
อธิบายมาตรา 5,"ถ้าผมพยายามแฮ็กเข้าสู่ระบบคอมพิวเตอร์ของบริษัทแห่งหนึ่ง โดยที่มีการตั้งรหัสผ่านและการยืนยันตัวตน 
ซึ่งผมไม่มีสิทธิ์ในการเข้าถึง ผมใช้วิธีเดารหัสผ่านหรือใช้ซอฟต์แวร์เพื่อทำการเจาะระบบจนสามารถเข้าถึง
ข้อมูลในระบบนั้นได้ แต่ไม่ได้แก้ไขหรือขโมยข้อมูล ผมจะถือว่ามีความผิดอะไรไหม","ผิดอยู่ดีนะครับและมีโทษด้วย ต้องได้รับโทษซึ่งตรงตามมาตรา 5 ผู้ใดทำให้เสียหาย
 ทำลาย แก้ไข เปลี่ยนแปลง หรือเพิ่มเติมไม่ว่าทั้งหมดหรือบางส่วน ซึ่งข้อมูลคอมพิวเตอร์
ของผู้อื่นโดยมิชอบ ต้องระวางโทษจำคุกไม่เกิน 5 ปี หรือปรับไม่เกิน 10,000บาท หรือ
ทั้งจำทั้งปรับ"
อธิบายมาตรา 5,"ถ้าผมพยายามแฮ็กเข้าสู่ระบบคอมพิวเตอร์ของบริษัทแห่งหนึ่ง โดยที่มีการตั้งรหัสผ่านและการยืนยันตัวตน 
ซึ่งผมไม่มีสิทธิ์ในการเข้าถึง ผมใช้วิธีเดารหัสผ่านหรือใช้ซอฟต์แวร์เพื่อทำการเจาะระบบจนสามารถเข้าถึง
ข้อมูลในระบบนั้นได้ แต่ไม่ได้แก้ไขหรือขโมยข้อมูล ผมจะถือว่ามีความผิดอะไรไหม","คุณอาจจะจำเป็นต้องไปมอบตัวแล้วละเพราะผิดตรงตามมาตรา 5 ผู้ใดทำให้เสียหาย
 ทำลาย แก้ไข เปลี่ยนแปลง หรือเพิ่มเติมไม่ว่าทั้งหมดหรือบางส่วน ซึ่งข้อมูลคอมพิวเตอร์
ของผู้อื่นโดยมิชอบ ต้องระวางโทษจำคุกไม่เกิน 5 ปี หรือปรับไม่เกิน 10,000บาท หรือ
ทั้งจำทั้งปรับ"
อธิบายมาตรา 5,"นาง A พยายามเข้าสู่บัญชีอีเมลของนาย B โดยที่นาย B มีการตั้งรหัสผ่านเพื่อป้องกันการเข้าถึง แต่นาง A
 ใช้เทคนิคเพื่อแอบเปลี่ยนรหัสผ่านและสามารถเข้าสู่บัญชีอีเมลนั้นได้ โดยไม่ได้รับอนุญาต จะได้รับโทษหนักไหม","เป็นการเข้าถึงบัญชีอีเมลผู้อื่นโดยไม่ได้รับอนุญาต ผิดตรงตามมาตรา 5  ผู้ใดทำให้เสียหาย
 ทำลาย แก้ไข เปลี่ยนแปลง หรือเพิ่มเติมไม่ว่าทั้งหมดหรือบางส่วน ซึ่งข้อมูลคอมพิวเตอร์
ของผู้อื่นโดยมิชอบ ต้องระวางโทษจำคุกไม่เกิน 5 ปี หรือปรับไม่เกิน 10,000บาท หรือ
ทั้งจำทั้งปรับ"
อธิบายมาตรา 5,"นาง A พยายามเข้าสู่บัญชีอีเมลของนาย B โดยที่นาย B มีการตั้งรหัสผ่านเพื่อป้องกันการเข้าถึง แต่นาง A
 ใช้เทคนิคเพื่อแอบเปลี่ยนรหัสผ่านและสามารถเข้าสู่บัญชีอีเมลนั้นได้ โดยไม่ได้รับอนุญาต จะได้รับโทษหนักไหม
","เป็นการเข้าถึงบัญชีอีเมลผู้อื่นโดยไม่ได้รับอนุญาตและมีโทษต้องระวางโทษจำคุกไม่เกิน 5 ปี 
หรือปรับไม่เกิน 10,000บาท หรือ ทั้งจำทั้งปรับ"
อธิบายมาตรา 5,"นาง A พยายามเข้าสู่บัญชีอีเมลของนาย B โดยที่นาย B มีการตั้งรหัสผ่านเพื่อป้องกันการเข้าถึง แต่นาง A
 ใช้เทคนิคเพื่อแอบเปลี่ยนรหัสผ่านและสามารถเข้าสู่บัญชีอีเมลนั้นได้ โดยไม่ได้รับอนุญาต จะได้รับโทษหนักไหม
","มีโทษจำคุกไม่เกิน 5 ปี หรือปรับไม่เกิน 10,000 บาท หรือ ทั้งจำทั้งปรับ"
อธิบายมาตรา 5,"นาย A พบเครือข่าย Wi-Fi ที่มีการป้องกันด้วยรหัสผ่านในพื้นที่ของอาคารแห่งหนึ่ง แต่เขาใช้ซอฟต์แวร์
หรือวิธีการแฮ็กเพื่อหาทางเข้าถึงรหัสผ่านของ Wi-Fi นั้น แล้วทำการเชื่อมต่ออินเทอร์เน็ตโดยไม่ได้รับอนุญาต
ทำแบบนี้ก็เหมือนเน็ตสาธารณะรึป่าว","ไม่ได้นครับ ที่นาย A ทำนั้นถือว่ามีความผิด โดยเข้าถึงระบบ Wi-Fi ที่ถูกตั้งรหัสไว้โดยไม่ได้รับอนุญาต 
มีโทษจำคุกไม่เกิน 5 ปี หรือปรับไม่เกิน 10,000 บาท หรือ ทั้งจำทั้งปรับ"
อธิบายมาตรา 5,"นาย A พบเครือข่าย Wi-Fi ที่มีการป้องกันด้วยรหัสผ่านในพื้นที่ของอาคารแห่งหนึ่ง แต่เขาใช้ซอฟต์แวร์
หรือวิธีการแฮ็กเพื่อหาทางเข้าถึงรหัสผ่านของ Wi-Fi นั้น แล้วทำการเชื่อมต่ออินเทอร์เน็ตโดยไม่ได้รับอนุญาต
ทำแบบนี้ก็เหมือนเน็ตสาธารณะรึป่าว","มีโทษจำคุกไม่เกิน 5 ปี หรือปรับไม่เกิน 10,000 บาท หรือ ทั้งจำทั้งปรับ"
อธิบายมาตรา 5,"นาย A พบเครือข่าย Wi-Fi ที่มีการป้องกันด้วยรหัสผ่านในพื้นที่ของอาคารแห่งหนึ่ง แต่เขาใช้ซอฟต์แวร์
หรือวิธีการแฮ็กเพื่อหาทางเข้าถึงรหัสผ่านของ Wi-Fi นั้น แล้วทำการเชื่อมต่ออินเทอร์เน็ตโดยไม่ได้รับอนุญาต
ทำแบบนี้ก็เหมือนเน็ตสาธารณะรึป่าว","ที่นาย A ทำนั้นถือว่ามีความผิด โดยเข้าถึงระบบ Wi-Fi ที่ถูกตั้งรหัสไว้โดยไม่ได้รับอนุญาต 
ต้องได้รับโทษซึ่งตรงตามมาตรา 5 ผู้ใดทำให้เสียหาย ทำลาย แก้ไข เปลี่ยนแปลง 
หรือเพิ่มเติมไม่ว่าทั้งหมดหรือบางส่วน ซึ่งข้อมูลคอมพิวเตอร์ของผู้อื่นโดยมิชอบ 
ต้องระวางโทษจำคุกไม่เกิน 5 ปี หรือปรับไม่เกิน 10,000บาท หรือ
ทั้งจำทั้งปรับ"
อธิบายมาตรา 6,ถ้าเปิดเผยรหัสผ่านของระบบคอมพิวเตอร์ในบริษัทแปปนี้เนี่ยต้องโดนปรับเยอะป่าว,"เป็นการเปิดเผยรหัสผ่านของบริษัท ซึ่งเข้าข่ายมาตรา 6 มีโทษจำคุกไม่เกิน 1 ปี หรือปรับไม่เกิน 20,000 บาท หรือทั้งจำทั้งปรับ"
อธิบายมาตรา 6,ถ้าเปิดเผยรหัสผ่านของระบบคอมพิวเตอร์ในบริษัทแปปนี้เนี่ยต้องโดนปรับเยอะป่าว,"โดยคร่าวๆก็อาจจะโดนปรับไม่เกิน 20,000 บาท หรือทั้งจำทั้งปรับ"
อธิบายมาตรา 6,ถ้าเปิดเผยรหัสผ่านของระบบคอมพิวเตอร์ในบริษัทแปปนี้เนี่ยต้องโดนปรับเยอะป่าว,"เข้าข่ายมาตรา 6 มีโทษจำคุกไม่เกิน 1 ปี หรือปรับไม่เกิน 20,000 บาท หรือทั้งจำทั้งปรับ"
อธิบายมาตรา 6,ถ้าเปิดเผยรหัสผ่านของระบบคอมพิวเตอร์ในบริษัทแปปนี้เนี่ยต้องโดนปรับเยอะป่าว,"ถือว่ามีโทษจำคุกไม่เกิน 1 ปี หรือปรับไม่เกิน 20,000 บาท หรือทั้งจำทั้งปรับ"
อธิบายมาตรา 6,ถ้าเปิดเผยรหัสผ่านของระบบคอมพิวเตอร์ในบริษัทแปปนี้เนี่ยต้องโดนปรับเยอะป่าว,"ปรับไม่เกิน 20,000 บาท หรือทั้งจำทั้งปรับจำคุกไม่เกิน 1 ปี "
อธิบายมาตรา 6,"นาย A ทำงานให้กับธนาคารและล่วงรู้มาตรการรักษาความปลอดภัยในการเข้าถึงระบบคอมพิวเตอร์ของธนาคาร 
เขานำข้อมูลวิธีการเข้าถึงระบบนี้ไปเผยแพร่ในเว็บไซต์ออนไลน์ ทำให้แฮกเกอร์สามารถนำข้อมูลนี้ไปใช้ก่ออาชญากรรม
ผิดกฎหมายไหม และจะรับโทษอะไร",เปิดเผยรหัสผ่านของบริษัท มาตรา 6 ผู้ใดล่วงรู้มาตรการป้องกันการเข้าถึงระบบคอมพิวเตอร์ที่ผู้อื่นจัดทำขึ้นเป็นการเฉพาะ ถ้านำมาตรการดังกล่าวไปเปิดเผยโดยมิชอบในประการที่น่าจะเกิดความเสียหายแก่ผู้อื่น ต้องระวางโทษจำคุกไม่เกินหนึ่งปี หรือปรับไม่เกินสองหมื่นบาท หรือทั้งจำทั้งปรับ
อธิบายมาตรา 6,"นาย A ทำงานให้กับธนาคารและล่วงรู้มาตรการรักษาความปลอดภัยในการเข้าถึงระบบคอมพิวเตอร์ของธนาคาร 
เขานำข้อมูลวิธีการเข้าถึงระบบนี้ไปเผยแพร่ในเว็บไซต์ออนไลน์ ทำให้แฮกเกอร์สามารถนำข้อมูลนี้ไปใช้ก่ออาชญากรรม
ผิดกฎหมายไหม และจะรับโทษอะไร",เปิดเผยรหัสผ่านของบริษัท
อธิบายมาตรา 6,"นาย A ทำงานให้กับธนาคารและล่วงรู้มาตรการรักษาความปลอดภัยในการเข้าถึงระบบคอมพิวเตอร์ของธนาคาร 
เขานำข้อมูลวิธีการเข้าถึงระบบนี้ไปเผยแพร่ในเว็บไซต์ออนไลน์ ทำให้แฮกเกอร์สามารถนำข้อมูลนี้ไปใช้ก่ออาชญากรรม
ผิดกฎหมายไหม และจะรับโทษอะไร",เปิดเผยรหัสผ่านของบริษัท
อธิบายมาตรา 6,"นาย A ทำงานให้กับธนาคารและล่วงรู้มาตรการรักษาความปลอดภัยในการเข้าถึงระบบคอมพิวเตอร์ของธนาคาร 
เขานำข้อมูลวิธีการเข้าถึงระบบนี้ไปเผยแพร่ในเว็บไซต์ออนไลน์ ทำให้แฮกเกอร์สามารถนำข้อมูลนี้ไปใช้ก่ออาชญากรรม
ผิดกฎหมายไหม และจะรับโทษอะไร",เปิดเผยรหัสผ่านของบริษัท
อธิบายมาตรา 6,"นาย A ทำงานให้กับธนาคารและล่วงรู้มาตรการรักษาความปลอดภัยในการเข้าถึงระบบคอมพิวเตอร์ของธนาคาร 
เขานำข้อมูลวิธีการเข้าถึงระบบนี้ไปเผยแพร่ในเว็บไซต์ออนไลน์ ทำให้แฮกเกอร์สามารถนำข้อมูลนี้ไปใช้ก่ออาชญากรรม
ผิดกฎหมายไหม และจะรับโทษอะไร",เปิดเผยรหัสผ่านของบริษัท
อธิบายมาตรา 6,นาง B ล่วงรู้วิธีการแฮ็กระบบ Wi-Fi ขององค์กรของตน เธอจึงแชร์วิธีการนี้ให้กับเพื่อนผ่านกลุ่มแชท โดยไม่ได้รับอนุญาตจากองค์กร ซึ่งนำไปสู่การแอบใช้งานเครือข่ายและก่อให้เกิดความเสียหายต่อองค์กร,แชร์ข้อมูลความปลอดภัยของระบบธนาคาร
อธิบายมาตรา 6,นาง B ล่วงรู้วิธีการแฮ็กระบบ Wi-Fi ขององค์กรของตน เธอจึงแชร์วิธีการนี้ให้กับเพื่อนผ่านกลุ่มแชท โดยไม่ได้รับอนุญาตจากองค์กร ซึ่งนำไปสู่การแอบใช้งานเครือข่ายและก่อให้เกิดความเสียหายต่อองค์กร,แชร์ข้อมูลความปลอดภัยของระบบธนาคาร
อธิบายมาตรา 6,นาง B ล่วงรู้วิธีการแฮ็กระบบ Wi-Fi ขององค์กรของตน เธอจึงแชร์วิธีการนี้ให้กับเพื่อนผ่านกลุ่มแชท โดยไม่ได้รับอนุญาตจากองค์กร ซึ่งนำไปสู่การแอบใช้งานเครือข่ายและก่อให้เกิดความเสียหายต่อองค์กร,แชร์ข้อมูลความปลอดภัยของระบบธนาคาร
อธิบายมาตรา 6,ถ้ามีคนทำงานในบริษัทหนึ่งล่วงรู้รหัสผ่านและมาตรการป้องกันการเข้าถึงเซิร์ฟเวอร์ของบริษัท เขานำข้อมูลนี้ไปขายในตลาดมืด ซึ่งทำให้ผู้ซื้อสามารถเข้าถึงข้อมูลสำคัญของบริษัทได้,ขายรหัสผ่านและข้อมูลการเข้าถึงเซิร์ฟเวอร์ของบริษัท
อธิบายมาตรา 6,ถ้ามีคนทำงานในบริษัทหนึ่งล่วงรู้รหัสผ่านและมาตรการป้องกันการเข้าถึงเซิร์ฟเวอร์ของบริษัท เขานำข้อมูลนี้ไปขายในตลาดมืด ซึ่งทำให้ผู้ซื้อสามารถเข้าถึงข้อมูลสำคัญของบริษัทได้,ขายรหัสผ่านและข้อมูลการเข้าถึงเซิร์ฟเวอร์ของบริษัท
อธิบายมาตรา 6,ถ้ามีคนทำงานในบริษัทหนึ่งล่วงรู้รหัสผ่านและมาตรการป้องกันการเข้าถึงเซิร์ฟเวอร์ของบริษัท เขานำข้อมูลนี้ไปขายในตลาดมืด ซึ่งทำให้ผู้ซื้อสามารถเข้าถึงข้อมูลสำคัญของบริษัทได้,ขายรหัสผ่านและข้อมูลการเข้าถึงเซิร์ฟเวอร์ของบริษัท
อธิบายมาตรา 6,ถ้ามีคนทำงานในบริษัทหนึ่งล่วงรู้รหัสผ่านและมาตรการป้องกันการเข้าถึงเซิร์ฟเวอร์ของบริษัท เขานำข้อมูลนี้ไปขายในตลาดมืด ซึ่งทำให้ผู้ซื้อสามารถเข้าถึงข้อมูลสำคัญของบริษัทได้,ขายรหัสผ่านและข้อมูลการเข้าถึงเซิร์ฟเวอร์ของบริษัท
อธิบายมาตรา 16,"ถ้าโดนฟ้องเรื่อง พรบ คอมพิวเตอร์ต้องทำอย่างไงค่ะ โดนเเจ้งความเรื่องการโพสรูปเเละข้อความทำให้อีกฝ่ายเสียหาย ต้องทำอย่างงัยบ้างค่ะ
พอดีอีกฝ่ายเป็นเมียน้อย แล้วเราไปประจานเขาค่ะเเละเขาดันเเคปรูปไว้ทันเเต่ทางเราลบไปเเล้วค่ะลงไม่ถึงครึ่งชั่วโมงค่ะ",ถ้าไม่มีรูปภาพก็อาจจะไม่ใช่ พ.ร.บ. คอม แล้วครับ อาจจะโดนฟ้องเป็นคดี อาญา หมิ่นประมาท และโฆษณาแทน
อธิบายมาตรา 16,"ถ้าโดนฟ้องเรื่อง พรบ คอมพิวเตอร์ต้องทำอย่างไงค่ะ โดนเเจ้งความเรื่องการโพสรูปเเละข้อความทำให้อีกฝ่ายเสียหาย ต้องทำอย่างงัยบ้างค่ะ
พอดีอีกฝ่ายเป็นเมียน้อย แล้วเราไปประจานเขาค่ะเเละเขาดันเเคปรูปไว้ทันเเต่ทางเราลบไปเเล้วค่ะลงไม่ถึงครึ่งชั่วโมงค่ะ","ถ้ามีภาพ ด้วย ผิด พ.ร.บ.คอมพ์ มาตรา 16 ผู้ใดนำเข้าสู่ระบบคอมพิวเตอร์ที่ประชาชนทั่วไปอาจเข้าถึงได้ซึ่งข้อมูลคอมพิวเตอร์ที่ปรากฏเป็นภาพของผู้อื่น และภาพนั้นเป็นภาพที่เกิดจากการสร้างขึ้น ตัดต่อ เติมหรือดัดแปลงด้วยวิธีการทางอิเล็กทรอนิกส์หรือวิธีการอื่นใด โดยประการที่น่าจะทำให้ผู้อื่นนั้นเสียชื่อเสียง ถูกดูหมิ่นถูกเกลียดชัง หรือได้รับความอับอาย ต้องระวางโทษจำคุกไม่เกิน 3 ปี และปรับไม่เกิน 200,000 บาท ดังนั้น ถ้าทำผิดจริง แล้วคุยไกล่เกลียไปแล้วไม่รู้เรื่อง หรือเรียกค่าเสียหายแพงไป ควรติดต่อทนายความ หรือขอยอมความ แล้วจ่ายค่าเสียหายไปเลย"
อธิบายมาตรา 16,"ถ้าโดนฟ้องเรื่อง พรบ คอมพิวเตอร์ต้องทำอย่างไงค่ะ โดนเเจ้งความเรื่องการโพสรูปเเละข้อความทำให้อีกฝ่ายเสียหาย ต้องทำอย่างงัยบ้างค่ะ
พอดีอีกฝ่ายเป็นเมียน้อย แล้วเราไปประจานเขาค่ะเเละเขาดันเเคปรูปไว้ทันเเต่ทางเราลบไปเเล้วค่ะลงไม่ถึงครึ่งชั่วโมงค่ะ",ควรรีบปรึกษาทนายความที่มีความเชี่ยวชาญเรื่องกฎหมายคอมพิวเตอร์หรือกฎหมายอาญา เพื่อขอคำแนะนำและเตรียมตัวในขั้นตอนต่อไปอย่างถูกต้อง การมีทนายจะช่วยปกป้องสิทธิของคุณในกระบวนการทางกฎหมายและให้คำปรึกษาที่เหมาะสมกับสถานการณ์เฉพาะของคุณ
อธิบายมาตรา 16,"ถ้าโดนฟ้องเรื่อง พรบ คอมพิวเตอร์ต้องทำอย่างไงค่ะ โดนเเจ้งความเรื่องการโพสรูปเเละข้อความทำให้อีกฝ่ายเสียหาย ต้องทำอย่างงัยบ้างค่ะ
พอดีอีกฝ่ายเป็นเมียน้อย แล้วเราไปประจานเขาค่ะเเละเขาดันเเคปรูปไว้ทันเเต่ทางเราลบไปเเล้วค่ะลงไม่ถึงครึ่งชั่วโมงค่ะ","มาตรา 16  ผู้ใดนำเข้าสู่ระบบคอมพิวเตอร์ที่ประชาชนทั่วไปอาจเข้าถึงได้ซึ่งข้อมูลคอมพิวเตอร์ที่ปรากฏเป็นภาพของผู้อื่น และภาพนั้นเป็นภาพที่เกิดจากการสร้างขึ้น ตัดต่อ เติมหรือดัดแปลงด้วยวิธีการทางอิเล็กทรอนิกส์หรือวิธีการอื่นใด โดยประการที่น่าจะทำให้ผู้อื่นนั้นเสียชื่อเสียง ถูกดูหมิ่นถูกเกลียดชัง หรือได้รับความอับอาย ต้องระวางโทษจำคุกไม่เกิน 3 ปี และปรับไม่เกิน 200,000 บาท
               ถ้าการกระทำตามวรรคหนึ่งเป็นการกระทำต่อภาพของผู้ตาย และการกระทำนั้นน่าจะทำให้บิดา มารดา คู่สมรส หรือบุตรของผู้ตายเสียชื่อเสียง ถูกดูหมิ่น หรือถูกเกลียดชัง หรือได้รับความอับอายผู้กระทำต้องระวางโทษดังที่บัญญัติไว้ในวรรคหนึ่ง
               ถ้าการกระทำตามวรรคหนึ่งหรือวรรคสอง เป็นการนำเข้าสู่ระบบคอมพิวเตอร์โดยสุจริตอันเป็นการติชมด้วยความเป็นธรรม ซึ่งบุคคลหรือสิ่งใดอันเป็นวิสัยของประชาชนย่อมกระทำ ผู้กระทำไม่มีความผิด
               ความผิดตามวรรคหนึ่งและวรรคสองเป็นความผิดอันยอมความได้
               ถ้าผู้เสียหายในความผิดตามวรรคหนึ่งหรือวรรคสองตายเสียก่อนร้องทุกข์ ให้บิดา มารดา คู่สมรส หรือบุตรของผู้เสียหายร้องทุกข์ได้ และให้ถือว่าเป็นผู้เสียหาย

               มาตรา 16/1  ในคดีความผิดตามมาตรา 14 หรือมาตรา 16 ซึ่งมีคำพิพากษาว่าจำเลยมีความผิด ศาลอาจสั่ง
               (1) ให้ทำลายข้อมูลตามมาตราดังกล่าว
               (2) ให้โฆษณาหรือเผยแพร่คำพิพากษาทั้งหมดหรือแต่บางส่วนในสื่ออิเล็กทรอนิกส์ วิทยุกระจายเสียง วิทยุโทรทัศน์ หนังสือพิมพ์ หรือสื่ออื่นใด ตามที่ศาลเห็นสมควร โดยให้จำเลยเป็นผู้ชำระค่าโฆษณา หรือเผยแพร่
               (3) ให้ดำเนินการอื่นตามที่ศาลเห็นสมควรเพื่อบรรเทาความเสียหายที่เกิดขึ้นจากการกระทำความผิดนั้น

               มาตรา 16/2  ผู้ใดรู้ว่าข้อมูลคอมพิวเตอร์ในความครอบครองของตนเป็นข้อมูลที่ศาลสั่งให้ทำลายตามมาตรา 16/1 ผู้นั้นต้องทำลายข้อมูลดังกล่าว หากฝ่าฝืนต้องระวางโทษกึ่งหนึ่งของโทษที่บัญญัติไว้ในมาตรา 14 หรือมาตรา 16 แล้วแต่กรณี"
อธิบายมาตรา 16,"เนื่องจากว่ามีคนที่ไม่รู้จักมาคอมเม้นเฟสบุ๊คของเรา โดยที่ไม่รู้จักกับเราเเละเเฟนมาก่อน หรือเขาอาจจะรู้จักเราจากปากคนอื่นมา เเล้วเเฟนเราได้ทักเเชทไปถามว่ามีปัญหาอะไรมาคอมเม้นเสียๆหายๆเลยมีการด่าทอกันเกินขึ้นในห้องเเชท เเต่ คู่กรณีได้เเคปเเชทที่ทะเลาะกับเเฟนเราเเละหน้าเฟสเรากับเเฟนไปประจานโพสด่าเเละขู่ทำร้ายสนุกปากในเฟสบุ๊คที่เป็นพื้นที่
สาธารณะโดยเเท็กเพื่อนเเละคนรู้จักของเขาด้วย โดยไม่ได้ปิดชื่อเฟสหรือใบหน้า เราได้เตือนไห้เขาลบโพสไปเเล้วเเต่เขายืนยันว่าจะไม่ลบ กรณีนี้สามารถเเจ้งความ พรบ คอมพิวเตอร์ ได้ไหมคะ แล้วต้องดำเนินการอย่างไรบ้าง","การโพสต์ข้อความหรือภาพที่ทำให้คุณและแฟนเสียหาย อาจเข้าข่ายความผิดตาม มาตรา 16 ของ พ.ร.บ. คอมพิวเตอร์ ซึ่งระบุว่า ผู้ใดเผยแพร่หรือส่งต่อข้อมูลคอมพิวเตอร์ที่บิดเบือน หรือทำให้ผู้อื่นเสียชื่อเสียง ต้องระวางโทษจำคุกไม่เกิน 3 ปี หรือปรับไม่เกิน 200,000 บาท หรือทั้งจำทั้งปรับ การโพสต์ที่เปิดเผยข้อมูลส่วนบุคคล เช่น ชื่อและใบหน้า อาจทำให้คุณเสียหาย และเป็นการละเมิดสิทธิความเป็นส่วนตัว

การดำเนินการ:
1. เก็บหลักฐาน: รวบรวมหลักฐานทั้งหมดที่เกี่ยวข้อง เช่น การแคปหน้าจอข้อความที่คู่กรณีโพสต์บน Facebook รวมถึงแชทที่มีการด่าทอและข่มขู่
2. แจ้งความ: คุณสามารถแจ้งความกับตำรวจในพื้นที่ที่คุณอาศัยอยู่ โดยแจ้งว่าเป็นความผิดตาม พ.ร.บ. คอมพิวเตอร์ และกฎหมายหมิ่นประมาทตามประมวลกฎหมายอาญา
3. ร้องเรียนผ่านช่องทางออนไลน์: นอกจากแจ้งความ คุณสามารถรายงานโพสต์ดังกล่าวกับ Facebook ว่าเป็นการละเมิดนโยบายของแพลตฟอร์มในเรื่องการคุกคามหรือการละเมิดสิทธิส่วนบุคคล"
อธิบายมาตรา 16,"เนื่องจากว่ามีคนที่ไม่รู้จักมาคอมเม้นเฟสบุ๊คของเรา โดยที่ไม่รู้จักกับเราเเละเเฟนมาก่อน หรือเขาอาจจะรู้จักเราจากปากคนอื่นมา เเล้วเเฟนเราได้ทักเเชทไปถามว่ามีปัญหาอะไรมาคอมเม้นเสียๆหายๆเลยมีการด่าทอกันเกินขึ้นในห้องเเชท เเต่ คู่กรณีได้เเคปเเชทที่ทะเลาะกับเเฟนเราเเละหน้าเฟสเรากับเเฟนไปประจานโพสด่าเเละขู่ทำร้ายสนุกปากในเฟสบุ๊คที่เป็นพื้นที่
สาธารณะโดยเเท็กเพื่อนเเละคนรู้จักของเขาด้วย โดยไม่ได้ปิดชื่อเฟสหรือใบหน้า เราได้เตือนไห้เขาลบโพสไปเเล้วเเต่เขายืนยันว่าจะไม่ลบ กรณีนี้สามารถเเจ้งความ พรบ คอมพิวเตอร์ ได้ไหมคะ แล้วต้องดำเนินการอย่างไรบ้าง","มาตรา 16  ผู้ใดนำเข้าสู่ระบบคอมพิวเตอร์ที่ประชาชนทั่วไปอาจเข้าถึงได้ซึ่งข้อมูลคอมพิวเตอร์ที่ปรากฏเป็นภาพของผู้อื่น และภาพนั้นเป็นภาพที่เกิดจากการสร้างขึ้น ตัดต่อ เติมหรือดัดแปลงด้วยวิธีการทางอิเล็กทรอนิกส์หรือวิธีการอื่นใด โดยประการที่น่าจะทำให้ผู้อื่นนั้นเสียชื่อเสียง ถูกดูหมิ่นถูกเกลียดชัง หรือได้รับความอับอาย ต้องระวางโทษจำคุกไม่เกิน 3 ปี และปรับไม่เกิน 200,000 บาท
               ถ้าการกระทำตามวรรคหนึ่งเป็นการกระทำต่อภาพของผู้ตาย และการกระทำนั้นน่าจะทำให้บิดา มารดา คู่สมรส หรือบุตรของผู้ตายเสียชื่อเสียง ถูกดูหมิ่น หรือถูกเกลียดชัง หรือได้รับความอับอายผู้กระทำต้องระวางโทษดังที่บัญญัติไว้ในวรรคหนึ่ง
               ถ้าการกระทำตามวรรคหนึ่งหรือวรรคสอง เป็นการนำเข้าสู่ระบบคอมพิวเตอร์โดยสุจริตอันเป็นการติชมด้วยความเป็นธรรม ซึ่งบุคคลหรือสิ่งใดอันเป็นวิสัยของประชาชนย่อมกระทำ ผู้กระทำไม่มีความผิด
               ความผิดตามวรรคหนึ่งและวรรคสองเป็นความผิดอันยอมความได้
               ถ้าผู้เสียหายในความผิดตามวรรคหนึ่งหรือวรรคสองตายเสียก่อนร้องทุกข์ ให้บิดา มารดา คู่สมรส หรือบุตรของผู้เสียหายร้องทุกข์ได้ และให้ถือว่าเป็นผู้เสียหาย

               มาตรา 16/1  ในคดีความผิดตามมาตรา 14 หรือมาตรา 16 ซึ่งมีคำพิพากษาว่าจำเลยมีความผิด ศาลอาจสั่ง
               (1) ให้ทำลายข้อมูลตามมาตราดังกล่าว
               (2) ให้โฆษณาหรือเผยแพร่คำพิพากษาทั้งหมดหรือแต่บางส่วนในสื่ออิเล็กทรอนิกส์ วิทยุกระจายเสียง วิทยุโทรทัศน์ หนังสือพิมพ์ หรือสื่ออื่นใด ตามที่ศาลเห็นสมควร โดยให้จำเลยเป็นผู้ชำระค่าโฆษณา หรือเผยแพร่
               (3) ให้ดำเนินการอื่นตามที่ศาลเห็นสมควรเพื่อบรรเทาความเสียหายที่เกิดขึ้นจากการกระทำความผิดนั้น

               มาตรา 16/2  ผู้ใดรู้ว่าข้อมูลคอมพิวเตอร์ในความครอบครองของตนเป็นข้อมูลที่ศาลสั่งให้ทำลายตามมาตรา 16/1 ผู้นั้นต้องทำลายข้อมูลดังกล่าว หากฝ่าฝืนต้องระวางโทษกึ่งหนึ่งของโทษที่บัญญัติไว้ในมาตรา 14 หรือมาตรา 16 แล้วแต่กรณี"""
อธิบายมาตรา 5 ,ได้มีการแฮกเข้าไปดูข้อมูลของคนอื่น โดนที่ไม่ได้รับอนุญาตต้องโดนคดีอะไรบาง ,"การที่มีผู้ใดเข้าถึงโดยมิชอบซึ่งระบบคอมพิวเตอร์ที่มีมาตรการป้องกันการเข้าถึงโดยเฉพาะและมาตรการนั้นมิได้มีไว้สำหรับตน  ต้องระวางโทษจำคุกไม่เกิน 6 เดือน หรือปรับไม่เกิน 10,000 บาท หรือทั้งจำทั้งปรับ"
อธิบายมาตรา 5 ,นายสมชายแอบเข้าไปดูข้อมูลส่วนตัวของนางสมหญิงโดยภาระการจนทำให้จนทำให้สมหญิงเกิดความไม่พอใจต้องโดนบทลงโทษอะไรบาง,"การที่นายสมชายแอบไปล้วงรู้ข้อมูลของสมหญิงนั้น จึงทำให้ผิด พ.ร.บ. คอมพิวเตอร์ ตาม มาตรา 5 ที่มีผู้ใดเข้าถึงโดยมิชอบซึ่งระบบคอมพิวเตอร์ที่มีมาตรการป้องกันการเข้าถึงโดยเฉพาะและมาตรการนั้นมิได้มีไว้สำหรับตน  ต้องระวางโทษจำคุกไม่เกิน 6 เดือน หรือปรับไม่เกิน 10,000 บาท หรือทั้งจำทั้งปรับ"
อธิบายมาตรา 5 ,การที่ได้เจาะเข้าระบบเพื่อไปดูข้อมูลของคนอื่นนั้น ต้องติดคุกกี่ปี เเล้วโดนค่าปรับเท่าไหร่,"การเจาะผ่านระบบป้องกันความปลอดภัยเพื่อเข้าไปล่วงรู้ข้อมูลโดยไม่ได้รับอณุญาต จึงทำให้ผิด พ.ร.บ. คอมพิวเตอร์ ตาม มาตรา 5 ที่มีผู้ใดเข้าถึงโดยมิชอบซึ่งระบบคอมพิวเตอร์ที่มีมาตรการป้องกันการเข้าถึงโดยเฉพาะและมาตรการนั้นมิได้มีไว้สำหรับตน  ต้องระวางโทษจำคุกไม่เกิน 6 เดือน หรือปรับไม่เกิน 10,000 บาท หรือทั้งจำทั้งปรับ"
อธิบายมาตรา 5 ,การที่เราเอารหัสผ่านของคนอื่นไปใช้งานโดยไม่ได้รับอนุญาติมีความผิดอะไรไหม,"การใช้ username / password ของผู้อื่น Login เข้าสู่ระบบ โดยไม่ได้รับการอนุญาต ถือว่ามีความผิด พ.ร.บ. คอมพิวเตอร์ ตาม มาตรา 5 ที่มีผู้ใดเข้าถึงโดยมิชอบซึ่งระบบคอมพิวเตอร์ที่มีมาตรการป้องกันการเข้าถึงโดยเฉพาะและมาตรการนั้นมิได้มีไว้สำหรับตน  ต้องระวางโทษจำคุกไม่เกิน 6 เดือน หรือปรับไม่เกิน 10,000 บาท หรือทั้งจำทั้งปรับ"
อธิบายมาตรา 5 ,เพื่อนของผมได้แอบเอารหัสFacebookของผมใช้งานโดนภาระการ ผมสามารถดำเนินคดีเอาผิดอะไรได้บางครับ,"การใช้ username / password ของผู้อื่น Login เข้าสู่ระบบ โดยไม่ได้รับการอนุญาต ถือว่ามีความผิด พ.ร.บ. คอมพิวเตอร์ ตาม มาตรา 5 ที่มีผู้ใดเข้าถึงโดยมิชอบซึ่งระบบคอมพิวเตอร์ที่มีมาตรการป้องกันการเข้าถึงโดยเฉพาะและมาตรการนั้นมิได้มีไว้สำหรับตน  ต้องระวางโทษจำคุกไม่เกิน 6 เดือน หรือปรับไม่เกิน 10,000 บาท หรือทั้งจำทั้งปรับ"
อธิบายมาตรา 5 ,มีบุคคลที่ไม่รู้จักได้เเอบไปรู้รหัสล็อกอินไลค์ของผมเเล้วไปใช้งาน มีความผิดอะไรบาง เเล้วต้องเข้าคุกไหม,"การใช้ username / password ของผู้อื่น Login เข้าสู่ระบบ โดยไม่ได้รับการอนุญาต ถือว่ามีความผิด พ.ร.บ. คอมพิวเตอร์ ตาม มาตรา 5 ที่มีผู้ใดเข้าถึงโดยมิชอบซึ่งระบบคอมพิวเตอร์ที่มีมาตรการป้องกันการเข้าถึงโดยเฉพาะและมาตรการนั้นมิได้มีไว้สำหรับตน  ต้องระวางโทษจำคุกไม่เกิน 6 เดือน หรือปรับไม่เกิน 10,000 บาท หรือทั้งจำทั้งปรับ"
อธิบายมาตรา 6,นาย A  ได้นำระบบป้องกันภัยอัตโนมัติของนาย B ไปเผยเเพร่สู่สาธารณะชนจนอาจทำให้เกิดความเสียหารต่อ นาย B ถือว่ามีความผิดอะไรบาง," ****ถือว่ามีความผิด พ.ร.บ. คอมพิวเตอร์ ตาม มาตรา 6 ผู้ใดล่วงรู้มาตรการป้องกันการเข้าถึงระบบคอมพิวเตอร์ที่ผู้อื่นจัดทำขึ้นเป็นการเฉพาะ ถ้านำมาตรการดังกล่าวไปเปิดเผยโดยมิชอบในประการที่น่าจะเกิดความเสียหายแก่ผู้อื่น ต้องระวางโทษจำคุกไม่เกิน 1 ปี หรือปรับไม่เกิน 20,000 บาท หรือทั้งจำทั้งปรับ"
อธิบายมาตรา 6,การที่ได้ไปล่วงรู้ระบบป้องกันภัยของผู้อื่นได้สร้างขึ้นนั้น มีความผิดไหม ละต้องเข้าคุกหรือป่าว," ****ถือว่ามีความผิด พ.ร.บ. คอมพิวเตอร์ ตาม มาตรา 6 ผู้ใดล่วงรู้มาตรการป้องกันการเข้าถึงระบบคอมพิวเตอร์ที่ผู้อื่นจัดทำขึ้นเป็นการเฉพาะ ถ้านำมาตรการดังกล่าวไปเปิดเผยโดยมิชอบในประการที่น่าจะเกิดความเสียหายแก่ผู้อื่น ต้องระวางโทษจำคุกไม่เกิน 1 ปี หรือปรับไม่เกิน 20,000 บาท หรือทั้งจำทั้งปรับ"
อธิบายมาตรา 6, ถ้าเราแอบไปรู้ระบบป้องของคนอื่นที่เขาทำขึ้นมา ถ้าเขาจับได้ว่าแอบไปรู้ ต้องโดนค่าปรับเท่าไหร ละต้องเข้าคุกด้วยไหม," ****ถือว่ามีความผิด พ.ร.บ. คอมพิวเตอร์ ตาม มาตรา 6 ผู้ใดล่วงรู้มาตรการป้องกันการเข้าถึงระบบคอมพิวเตอร์ที่ผู้อื่นจัดทำขึ้นเป็นการเฉพาะ ถ้านำมาตรการดังกล่าวไปเปิดเผยโดยมิชอบในประการที่น่าจะเกิดความเสียหายแก่ผู้อื่น ต้องระวางโทษจำคุกไม่เกิน 1 ปี หรือปรับไม่เกิน 20,000 บาท หรือทั้งจำทั้งปรับ"
อธิบายมาตรา 6,นาย ก. เป็นผู้จัดการระบบคอมพิวเตอร์ และทราบรหัสผ่านและชื่อผู้ใช้บริการของ พนักงานและกรรมการทั้งหมด และนำไป เปิดเผยแก่บุคคลภายนอก," *****ถือว่ามีความผิด พ.ร.บ. คอมพิวเตอร์ ตาม มาตรา 6 ผู้ใดล่วงรู้มาตรการป้องกันการเข้าถึงระบบคอมพิวเตอร์ที่ผู้อื่นจัดทำขึ้นเป็นการเฉพาะ ถ้านำมาตรการดังกล่าวไปเปิดเผยโดยมิชอบในประการที่น่าจะเกิดความเสียหายแก่ผู้อื่น ต้องระวางโทษจำคุกไม่เกิน 1 ปี หรือปรับไม่เกิน 20,000 บาท หรือทั้งจำทั้งปรับ"
อธิบายมาตรา 6,นาง ข. ได้แอบเข้าไปดูข้อมูลของคนอื่นเเล้วนำไปเเชร์ให้กับคนอื่น ถือว่ามีความผิดอะไรไหม," *****ถือว่ามีความผิด พ.ร.บ. คอมพิวเตอร์ ตาม มาตรา 6 ผู้ใดล่วงรู้มาตรการป้องกันการเข้าถึงระบบคอมพิวเตอร์ที่ผู้อื่นจัดทำขึ้นเป็นการเฉพาะ ถ้านำมาตรการดังกล่าวไปเปิดเผยโดยมิชอบในประการที่น่าจะเกิดความเสียหายแก่ผู้อื่น ต้องระวางโทษจำคุกไม่เกิน 1 ปี หรือปรับไม่เกิน 20,000 บาท หรือทั้งจำทั้งปรับ"
อธิบายมาตรา 6,ได้มีคนแอบเจาะระบบป้องกันข้อมูลของคนอื่น เเล้วไปรู้เข้ากับข้อมูล ชื่อ ผู้ใช้บริการ(User Name) และรหัสผ่าน(Password) และนำเอาข้อมูลดังกล่าวไปเปิดเผยโดยก่อให้เกิดความเสียหาย เราสามารถเอาผิดได้ไหม," ****ถือว่ามีความผิด พ.ร.บ. คอมพิวเตอร์ ตาม มาตรา 6 ผู้ใดล่วงรู้มาตรการป้องกันการเข้าถึงระบบคอมพิวเตอร์ที่ผู้อื่นจัดทำขึ้นเป็นการเฉพาะ ถ้านำมาตรการดังกล่าวไปเปิดเผยโดยมิชอบในประการที่น่าจะเกิดความเสียหายแก่ผู้อื่น ต้องระวางโทษจำคุกไม่เกิน 1 ปี หรือปรับไม่เกิน 20,000 บาท หรือทั้งจำทั้งปรับ"
อธิบายมาตรา 6,ล่วงรู้รหัสผ่านหรือมาตรการเข้าระบบที่มีการป้องกัน แล้วนำไปเผยแพร่ต่อสาธารณะหรือขายให้บุคคลอื่นเพื่อทำกำไร," ****ถือว่ามีความผิด พ.ร.บ. คอมพิวเตอร์ ตาม มาตรา 6 ผู้ใดล่วงรู้มาตรการป้องกันการเข้าถึงระบบคอมพิวเตอร์ที่ผู้อื่นจัดทำขึ้นเป็นการเฉพาะ ถ้านำมาตรการดังกล่าวไปเปิดเผยโดยมิชอบในประการที่น่าจะเกิดความเสียหายแก่ผู้อื่น ต้องระวางโทษจำคุกไม่เกิน 1 ปี หรือปรับไม่เกิน 20,000 บาท หรือทั้งจำทั้งปรับ"
อธิบายมาตรา 6,พนักงานที่ได้รับรู้วิธีการเข้าถึงเครือข่ายภายในขององค์กร แล้วนำไปเผยแพร่หรือนำไปใช้ในทางที่มิชอบ​," ****ถือว่ามีความผิด พ.ร.บ. คอมพิวเตอร์ ตาม มาตรา 6 ผู้ใดล่วงรู้มาตรการป้องกันการเข้าถึงระบบคอมพิวเตอร์ที่ผู้อื่นจัดทำขึ้นเป็นการเฉพาะ ถ้านำมาตรการดังกล่าวไปเปิดเผยโดยมิชอบในประการที่น่าจะเกิดความเสียหายแก่ผู้อื่น ต้องระวางโทษจำคุกไม่เกิน 1 ปี หรือปรับไม่เกิน 20,000 บาท หรือทั้งจำทั้งปรับ"
อธิบายมาตรา 6,การนำข้อมูลการป้องกันเว็บไซต์ออกไปเผยแพร่ในกลุ่มแฮ็กเกอร์เพื่อโจมตีเว็บไซต์นั้นๆ," ****ถือว่ามีความผิด พ.ร.บ. คอมพิวเตอร์ ตาม มาตรา 6 ผู้ใดล่วงรู้มาตรการป้องกันการเข้าถึงระบบคอมพิวเตอร์ที่ผู้อื่นจัดทำขึ้นเป็นการเฉพาะ ถ้านำมาตรการดังกล่าวไปเปิดเผยโดยมิชอบในประการที่น่าจะเกิดความเสียหายแก่ผู้อื่น ต้องระวางโทษจำคุกไม่เกิน 1 ปี หรือปรับไม่เกิน 20,000 บาท หรือทั้งจำทั้งปรับ"
อธิบายมาตรา 6,การขายข้อมูลการเข้าถึงของเซิร์ฟเวอร์ส่วนบุคคล ซึ่งเป็นข้อมูลที่ต้องมีการป้องกันเฉพาะ แต่ผู้กระทำการนำไปเผยแพร่หรือจำหน่ายให้บุคคลภายนอกโดยไม่ได้รับอนุญาต," ****ถือว่ามีความผิด พ.ร.บ. คอมพิวเตอร์ ตาม มาตรา 6 ผู้ใดล่วงรู้มาตรการป้องกันการเข้าถึงระบบคอมพิวเตอร์ที่ผู้อื่นจัดทำขึ้นเป็นการเฉพาะ ถ้านำมาตรการดังกล่าวไปเปิดเผยโดยมิชอบในประการที่น่าจะเกิดความเสียหายแก่ผู้อื่น ต้องระวางโทษจำคุกไม่เกิน 1 ปี หรือปรับไม่เกิน 20,000 บาท หรือทั้งจำทั้งปรับ"
อธิบายมาตรา 6,การเปิดเผยวิธีการเข้าถึงข้อมูลบัตรเครดิตของลูกค้า ในระบบธนาคารหรือบริษัททางการเงิน โดยที่ระบบมีการป้องกันเฉพาะ แต่ผู้กระทำการเปิดเผยวิธีการเข้าถึงข้อมูลเหล่านั้น," ****ถือว่ามีความผิด พ.ร.บ. คอมพิวเตอร์ ตาม มาตรา 6 ผู้ใดล่วงรู้มาตรการป้องกันการเข้าถึงระบบคอมพิวเตอร์ที่ผู้อื่นจัดทำขึ้นเป็นการเฉพาะ ถ้านำมาตรการดังกล่าวไปเปิดเผยโดยมิชอบในประการที่น่าจะเกิดความเสียหายแก่ผู้อื่น ต้องระวางโทษจำคุกไม่เกิน 1 ปี หรือปรับไม่เกิน 20,000 บาท หรือทั้งจำทั้งปรับ"
อธิบายมาตรา 6,การที่บุคคลภายในองค์กรนำมาตรการป้องกันของระบบอีเมลไปเปิดเผยกับบุคคลภายนอก ทำให้เกิดการแอบเข้าถึงและขโมยข้อมูลจากอีเมลขององค์กร​," ****ถือว่ามีความผิด พ.ร.บ. คอมพิวเตอร์ ตาม มาตรา 6 ผู้ใดล่วงรู้มาตรการป้องกันการเข้าถึงระบบคอมพิวเตอร์ที่ผู้อื่นจัดทำขึ้นเป็นการเฉพาะ ถ้านำมาตรการดังกล่าวไปเปิดเผยโดยมิชอบในประการที่น่าจะเกิดความเสียหายแก่ผู้อื่น ต้องระวางโทษจำคุกไม่เกิน 1 ปี หรือปรับไม่เกิน 20,000 บาท หรือทั้งจำทั้งปรับ"
อธิบายมาตรา 7,เมื่อมีคนแอบเข้าใช้งานบัญชีเฟสบุ๊คของตัวเองโดยที่ไม่ได้รับอณุญาตนั้นถือว่ามีความผิดอะไรบาง,****ถือว่ามีความผิด พ.ร.บ. คอมพิวเตอร์ ตาม มาตรา 7 ผู้ใดเข้าถึงโดยมิชอบซึ่งข้อมูลคอมพิวเตอร์ที่มีมาตรการป้องกันการเข้าถึงโดยเฉพาะ และมาตรการนั้นมิได้มีไว้สำหรับตน
อธิบายมาตรา 8,ดักฟังการสนทนาผ่านแอปพลิเคชันแชท โดยไม่ได้รับอนุญาตจากผู้สนทนา,****ถือว่ามีความผิด พ.ร.บ. คอมพิวเตอร์ ตาม มาตรา 8 ผู้ใดกระทำด้วยประการใดโดยมิชอบด้วยวิธีการทางอิเล็กทรอนิกส์เพื่อดักรับไว้ ซึ่งข้อมูลคอมพิวเตอร์ของผู้อื่นที่อยู่ระหว่างการส่งในระบบคอมพิวเตอร์ และข้อมูลคอมพิวเตอร์นั้น มิได้มีไว้เพื่อประโยชน์สาธารณะหรือเพื่อให้บุคคลทั่วไปใช้ประโยชน์ได้
อธิบายมาตรา 9,การใส่ข้อมูลปลอมในระบบคอมพิวเตอร์ของหน่วยงานราชการเพื่อหลอกลวง,****ถือว่ามีความผิด พ.ร.บ. คอมพิวเตอร์ ตาม มาตรา 9 ผู้ใดทำให้เสียหาย ทำลาย แก้ไข เปลี่ยนแปลง หรือเพิ่มเติมไม่ว่าทั้งหมดหรือ บางส่วน ซึ่งข้อมูลคอมพิวเตอร์ของผู้อื่นโดยมิชอบ
อธิบายมาตรา 10,"การปล่อยไวรัสที่รบกวนระบบปฏิบัติการของคอมพิวเตอร์ ทำให้ไม่สามารถใช้งานได้
","****ถือว่ามีความผิด พ.ร.บ. คอมพิวเตอร์ ตาม มาตรา 10 ผู้ใดกระทำด้วยประการใดโดยมิชอบ เพื่อให้การทำงานของระบบคอมพิวเตอร์ ของผู้อื่นถูกระงับ ชะลอ ขัดขวาง หรือรบกวนจนไม่สามารถทำงานตามปกติได้  ต้องระวางโทษจำคุกไม่เกิน 5 ปี หรือปรับไม่เกิน100,000 บาท หรือทั้งจำทั้งปรับ"
อธิบายมาตรา 11,การส่งอีเมลสแปมโฆษณาที่ไม่ได้รับอนุญาตจากผู้รับ โดยไม่มีการระบุแหล่งที่มาที่ถูกต้อง,"****ถือว่ามีความผิด พ.ร.บ. คอมพิวเตอร์ ตาม มาตรา 11  ผู้ใดส่งข้อมูลคอมพิวเตอร์หรือจดหมายอิเล็กทรอนิกส์แก่บุคคลอื่นโดยปกปิด หรือปลอมแปลงแหล่งที่มาของการส่งข้อมูลดังกล่าว อันเป็นการรบกวนการใช้ระบบคอมพิวเตอร์ของ บุคคลอื่นโดยปกติสุข ต้องระวางโทษปรับไม่เกิน 100,000บาท"
อธิบายมาตรา 11 วรรค 2,,"****ถือว่ามีความผิด พ.ร.บ. คอมพิวเตอร์ ตาม มาตรา 11 วรรค 2  ผู้ใดส่งข้อมูลคอมพิวเตอร์หรือจดหมายอิเล็กทรอนิกส์แก่บุคคลอื่นอันมีลักษณะเป็นการก่อให้เกิดความเดือดร้อนรำคาญแก่ผู้รับข้อมูลคอมพิวเตอร์หรือจดหมายอิเล็กทรอนิกส์ โดยไม่เปิดโอกาสให้ผู้รับสามารถบอกเลิกหรือแจ้งความประสงค์เพื่อปฏิเสธการตอบรับได้โดยง่าย ต้องระวางโทษปรับไม่เกิน 200,000บาท"
อธิบายมาตรา 12,,"****ถือว่ามีความผิด พ.ร.บ. คอมพิวเตอร์ ตาม มาตรา 12 ถ้าการกระทำความผิดตามมาตรา 5 มาตรา 6 มาตรา 7 มาตรา 8 หรือมาตรา 11 เป็นการกระทำต่อข้อมูลคอมพิวเตอร์หรือระบบคอมพิวเตอร์ที่เกี่ยวกับการรักษาความมั่นคงปลอดภัยของประเทศ ความปลอดภัยสาธารณะ ความมั่นคงในทางเศรษฐกิจของประเทศหรือโครงสร้างพื้นฐานอันเป็นประโยชน์สาธารณะ ต้องระวางโทษจำคุกตั้งเเต่ 1 - 7 ปี หรือปรับตั้งเเต่ 20,000 140,000บาท หรือทั้งจำทั้งปรับ"
อธิบายมาตรา 12 วรรค 1,,"****ถือว่ามีความผิด พ.ร.บ. คอมพิวเตอร์ ตาม มาตรา 12 วรรค 1 ถ้าการกระทำความผิดตามวรรคหนึ่งเป็นเหตุให้เกิดความเสียหายต่อข้อมูลคอมพิวเตอร์ หรือระบบคอมพิวเตอร์ดังกล่าว ต้องระวางโทษจำคุกตั้งเเต่ 1 - 10 ปี หรือปรับตั้งเเต่ 20,000 ถึง 200,000บาท หรือทั้งจำทั้งปรับ"
อธิบายมาตรา 12 วรรค 2,,"****ถือว่ามีความผิด พ.ร.บ. คอมพิวเตอร์ ตาม มาตรา 12 วรรค 2 ถ้าการกระทำความผิดตามมาตรา 9 หรือมาตรา 10 เป็นการกระทำต่อข้อมูลคอมพิวเตอร์หรือระบบคอมพิวเตอร์ตามวรรคหนึ่ง ต้องระวางโทษจำคุกตั้งเเต่ 3 - 15 ปี หรือปรับตั้งเเต่ 60,000 ถึง 300,000บาท หรือทั้งจำทั้งปรับ"
อธิบายมาตรา 12 วรรค 3,,"****ถือว่ามีความผิด พ.ร.บ. คอมพิวเตอร์ ตาม มาตรา 12 วรรค 3 ถ้าการกระทำความผิดตามวรรคหนึ่งหรือวรรคสามโดยมิได้มีเจตนาฆ่า แต่เป็นเหตุให้บุคคลอื่นถึงแก่ความตาย ต้องระวางโทษจำคุกตั้งเเต่ 5 - 20 ปี หรือปรับตั้งเเต่ 100,000 ถึง 400,000บาท หรือทั้งจำทั้งปรับ"
อธิบายมาตรา 12/1,,"****ถือว่ามีความผิด พ.ร.บ. คอมพิวเตอร์ ตาม มาตรา 12/1 ถ้าการกระทำความผิดตามมาตรา 9 หรือมาตรา 10 เป็นเหตุให้เกิดอันตรายแก่บุคคลอื่นหรือทรัพย์สินของผู้อื่น ต้องระวางโทษจำคุกไม่เกิน 10 หรือปรับไม่เกิน 200,000 บาท หรือทั้งจำทั้งปรับ"
อธิบายมาตรา 12/1 วรรค 1,,"****ถือว่ามีความผิด พ.ร.บ. คอมพิวเตอร์ ตาม มาตรา 12/1  วรรค 2  ถ้าการกระทำความผิดตามมาตรา 9 หรือมาตรา 10 โดยมิได้มีเจตนาฆ่า แต่เป็นเหตุให้บุคคลอื่นถึงแก่ความตาย ต้องระวางโทษจำคุกตั้งเเต่ 5 - 20 ปี หรือปรับตั้งเเต่ 100,000 ถึง 400,000 บาท หรือทั้งจำทั้งปรับ"
อธิบายมาตรา 13 ,,"****ถือว่ามีความผิด พ.ร.บ. คอมพิวเตอร์ ตาม มาตรา 13 ผู้ใดจำหน่ายหรือเผยแพร่ชุดคำสั่งที่จัดทำขึ้นโดยเฉพาะเพื่อนำไปใช้เป็นเครื่องมือ ในการกระทำความผิดตามมาตรา 5 มาตรา 6 มาตรา 7 มาตรา 8 มาตรา 9 มาตรา 10 หรือ มาตรา 11 ต้องระวางโทษจำคุกไม่เกิน 5 ปี หรือปรับ 20,000 บาท หรือทั้งจำทั้งปรับ"
อธิบายมาตรา 13 วรรค 1,,"****ถือว่ามีความผิด พ.ร.บ. คอมพิวเตอร์ ตาม มาตรา 13 วรรค 2 ผู้ใดจำหน่ายหรือเผยแพร่ชุดคำสั่งที่จัดทำขึ้นโดยเฉพาะเพื่อนำไปใช้เป็นเครื่องมือในการกระทำความผิดตามมาตรา 12 วรรคหนึ่งหรือวรรคสาม ต้องระวางโทษจำคุกไม่เกิน 2 ปี หรือปรับไม่เกิน 40,000 บาท หรือทั้งจำทั้งปรับ"
อธิบายมาตรา 14 อนุมาตรา 1,,"****ถือว่ามีความผิด พ.ร.บ. คอมพิวเตอร์ ตาม มาตรา 14 อนุมาตรา 1 นำเข้าสู่ระบบคอมพิวเตอร์ซึ่งข้อมูลคอมพิวเตอร์ที่บิดเบือน หรือปลอมไม่ว่าทั้งหมดหรือบางส่วน หรือข้อมูลคอมพิวเตอร์อันเป็นเท็จ โดยประการที่น่าจะเกิดความเสียหาย แก่ประชาชน อันมิใช่การกระทำความผิดฐานหมิ่นประมาทตามประมวลกฎหมายอาญา ต้องระวางโทษจำคุกไม่เกิน 5 ปี หรือปรับไม่เกิน 100,000 บาท หรือทั้งจำทั้งปรับ"
อธิบายมาตรา 14 อนุมาตรา 2,,"****ถือว่ามีความผิด พ.ร.บ. คอมพิวเตอร์ ตาม มาตรา 14 อนุมาตรา 2 นำเข้าสู่ระบบคอมพิวเตอร์ซึ่งข้อมูลคอมพิวเตอร์อันเป็นเท็จ โดยประการที่น่าจะเกิด ความเสียหายต่อการรักษาความมั่นคงปลอดภัยของประเทศ ความปลอดภัยสาธารณะ ความมั่นคง ในทางเศรษฐกิจของประเทศ หรือโครงสร้างพื้นฐานอันเป็นประโยชน์สาธารณะของประเทศ หรือก่อให้เกิด ความตื่นตระหนกแก่ประชาชน ต้องระวางโทษจำคุกไม่เกิน 5 ปี หรือปรับไม่เกิน 100,000 บาท หรือทั้งจำทั้งปรับ"
อธิบายมาตรา 14 อนุมาตรา 3,,"****ถือว่ามีความผิด พ.ร.บ. คอมพิวเตอร์ ตาม มาตรา 14 อนุมาตรา 3 นำเข้าสู่ระบบคอมพิวเตอร์ซึ่งข้อมูลคอมพิวเตอร์ใด ๆ อันเป็นความผิดเกี่ยวกับความมั่นคง แห่งราชอาณาจักรหรือความผิดเกี่ยวกับการก่อการร้ายตามประมวลกฎหมายอาญา ต้องระวางโทษจำคุกไม่เกิน 5 ปี หรือปรับไม่เกิน 100,000 บาท หรือทั้งจำทั้งปรับ"
อธิบายมาตรา 14 อนุมาตรา 4,,"****ถือว่ามีความผิด พ.ร.บ. คอมพิวเตอร์ ตาม มาตรา 14 อนุมาตรา 4 นำเข้าสู่ระบบคอมพิวเตอร์ซึ่งข้อมูลคอมพิวเตอร์ใด ๆ ที่มีลักษณะอันลามกและข้อมูล คอมพิวเตอร์นั้นประชาชนทั่วไปอาจเข้าถึงได้ ต้องระวางโทษจำคุกไม่เกิน 5 ปี หรือปรับไม่เกิน 100,000 บาท หรือทั้งจำทั้งปรับ"
อธิบายมาตรา 14 อนุมาตรา 5,,"****ถือว่ามีความผิด พ.ร.บ. คอมพิวเตอร์ ตาม มาตรา 14 อนุมาตรา 5 ผู้ใดเผยแพร่หรือส่งต่อซึ่งข้อมูลคอมพิวเตอร์โดยรู้อยู่แล้วว่าเป็นข้อมูลคอมพิวเตอร์ ตาม (1) (2) (3) หรือ (4) ต้องระวางโทษจำคุกไม่เกิน 5 ปี หรือปรับไม่เกิน 100,000 บาท หรือทั้งจำทั้งปรับ"
อธิบายมาตรา 15,,****ถือว่ามีความผิด พ.ร.บ. คอมพิวเตอร์ ตาม มาตรา 15 ผู้ให้บริการผู้ใดให้ความร่วมมือ ยินยอม หรือรู้เห็นเป็นใจให้มีการกระทำความผิด ตามมาตรา 14 ในระบบคอมพิวเตอร์ที่อยู่ในความควบคุมของตน โดยจะมีโทษตามเช่นเดียวกับผู้กระทำความผิดตาม มาตรา 14
อธิบายมาตรา 16 ,,"****ถือว่ามีความผิด พ.ร.บ. คอมพิวเตอร์ ตาม มาตรา 16 ผู้ใดนำเข้าสู่ระบบคอมพิวเตอร์ที่ประชาชนทั่วไปอาจเข้าถึงได้ซึ่งข้อมูลคอมพิวเตอร์ ที่ปรากฏเป็นภาพของผู้อื่น และภาพนั้นเป็นภาพที่เกิดจากการสร้างขึ้น ตัดต่อ เติม หรือดัดแปลง ด้วยวิธีการทางอิเล็กทรอนิกส์หรือวิธีการอื่นใด โดยประการที่น่าจะทำให้ผู้อื่นนั้นเสียชื่อเสียง ถูกดูหมิ่น ถูกเกลียดชัง หรือได้รับความอับอาย ต้องระวางโทษจำคุกไม่เกิน 3 ปี หรือปรับไม่เกิน 200,000 บาท หรือทั้งจำทั้งปรับ"
อธิบายมาตรา 16 วรรค 1,,"****ถือว่ามีความผิด พ.ร.บ. คอมพิวเตอร์ ตาม มาตรา 16 วรรค 1 ถ้าการกระทำตามวรรคหนึ่งเป็นการกระทำต่อภาพของผู้ตาย และการกระทำนั้นน่าจะทำให้บิดา มารดา คู่สมรส หรือบุตรของผู้ตายเสียชื่อเสียง ถูกดูหมิ่น หรือถูกเกลียดชัง หรือได้รับความอับอาย ต้องระวางโทษจำคุกไม่เกิน 3 ปี หรือปรับไม่เกิน 200,000 บาท หรือทั้งจำทั้งปรับ"
